<favourites>
    <favourite name="Freeform Ai (Family) (US) (English)" thumb="https://i.imgur.com/wbTmuio.jpg">PlayMedia(&quot;plugin://plugin.video.ccloudtv/?url=https%3A%2F%2Fvideoserver1.org%2Flive%2FoUqCE73hipAaBDYXsAu4iw%2F1555820002%2F654bc354612eeefee71cd611b175730c.m3u8%7CReferer%3Dhttps%253A%252F%252Fwww.arconaitv.us%26User-Agent%3DMozilla%252F5.0%2520%28Windows%2520NT%25206.1%253B%2520Win64%253B%2520x64%29%2520AppleWebKit%252F537.36%2520%28KHTML%252C%2520like%2520Gecko%29%2520Chrome%252F59.0.3071.115%2520Safari%252F537.36&amp;mode=1&amp;name=Freeform+Ai+%28Family%29+%28US%29+%28English%29&amp;iconimage=https%3A%2F%2Fi.imgur.com%2FwbTmuio.jpg&quot;)</favourite>
    <favourite name="Nickelodeon Ai (Family) (US) (English)" thumb="https://i.imgur.com/5CRNE1W.jpg">PlayMedia(&quot;plugin://plugin.video.ccloudtv/?url=https%3A%2F%2Fvideoserver1.org%2Flive%2Fl57oh-oBBvk9Ua0D6XAqSQ%2F1552370511%2Fa55d7c24a00915235cdc6a6ddaaaf67b.m3u8%7CReferer%3Dhttps%253A%252F%252Fwww.arconaitv.us%26User-Agent%3DMozilla%252F5.0%2520%28Windows%2520NT%25206.1%253B%2520Win64%253B%2520x64%29%2520AppleWebKit%252F537.36%2520%28KHTML%252C%2520like%2520Gecko%29%2520Chrome%252F59.0.3071.115%2520Safari%252F537.36&amp;mode=1&amp;name=Nickelodeon+Ai+%28Family%29+%28US%29+%28English%29&amp;iconimage=https%3A%2F%2Fi.imgur.com%2F5CRNE1W.jpg&quot;)</favourite>
    <favourite name="Smile of a Child (Family) (US) (English)" thumb="http://www.impressivemedia.net/wp-content/uploads/2014/08/SOAC-e1409462705810.png">PlayMedia(&quot;plugin://plugin.video.ccloudtv/?url=http%3A%2F%2Facaooyalahd2-lh.akamaihd.net%2Fi%2FTBN04_delivery%40186242%2Fmaster.m3u8&amp;mode=1&amp;name=Smile+of+a+Child+%28Family%29+%28US%29+%28English%29&amp;iconimage=http%3A%2F%2Fwww.impressivemedia.net%2Fwp-content%2Fuploads%2F2014%2F08%2FSOAC-e1409462705810.png&quot;)</favourite>
    <favourite name="Cartoon Network (Public-Family) (US) (English)" thumb="https://encrypted-tbn0.gstatic.com/images?q=tbn:ANd9GcSd2AM38CATVxLdRqAxZXiUJJnpfKP_K3t8hIxufTnJnBfa8sbaRdSQYQ">PlayMedia(&quot;plugin://plugin.video.ccloudtv/?url=http%3A%2F%2F54.255.155.24%3A1935%2F%2FLive%2F_definst_%2Famlst%3Asweetbcha1novD28L720P%2Fchunklist_b700000.m3u8&amp;mode=1&amp;name=Cartoon+Network+%28Public-Family%29+%28US%29+%28English%29&amp;iconimage=https%3A%2F%2Fencrypted-tbn0.gstatic.com%2Fimages%3Fq%3Dtbn%3AANd9GcSd2AM38CATVxLdRqAxZXiUJJnpfKP_K3t8hIxufTnJnBfa8sbaRdSQYQ&quot;)</favourite>
    <favourite name="PBS Kids (Public-Family) (US) (English)" thumb="https://encrypted-tbn0.gstatic.com/images?q=tbn:ANd9GcRJdqnqGxUudF8aHYlABgTH4dnMqRQjO65v_KANaxAW_FOy6w0BMXGeATM">PlayMedia(&quot;plugin://plugin.video.ccloudtv/?url=https%3A%2F%2Flive-cdn.pbskids.org%2Fout%2Fu%2Faim%2Fwtvs_3.m3u8&amp;mode=1&amp;name=PBS+Kids+%28Public-Family%29+%28US%29+%28English%29&amp;iconimage=https%3A%2F%2Fencrypted-tbn0.gstatic.com%2Fimages%3Fq%3Dtbn%3AANd9GcRJdqnqGxUudF8aHYlABgTH4dnMqRQjO65v_KANaxAW_FOy6w0BMXGeATM&quot;)</favourite>
    <favourite name="Cartoon Network CaptainAmerica (Entertainment) (US) (English)" thumb="https://vignette.wikia.nocookie.net/cyborg009/images/7/7a/Cartoon_Network_Logo_2003.jpg">PlayMedia(&quot;plugin://plugin.video.ccloudtv/?url=http%3A%2F%2Flive.savitar.tv%2FCN%2FmyStream%2Fplaylist.m3u8%3FwmsAuthSign%3Dc2VydmVyX3RpbWU9NC8yMS8yMDE5IDE6MTE6NDEgQU0maGFzaF92YWx1ZT1Ib0lwZmVkdEp1b0RKMHBwUzJwOW13PT0mdmFsaWRtaW51dGVzPTM2MCZpZD0w%27%7CReferer%3Dhttp%253A%252F%252Fustvgo.net%26User-Agent%3DMozilla%252F5.0%2520%28Windows%2520NT%25206.1%253B%2520Win64%253B%2520x64%29%2520AppleWebKit%252F537.36%2520%28KHTML%252C%2520like%2520Gecko%29%2520Chrome%252F59.0.3071.115%2520Safari%252F537.42&amp;mode=1&amp;name=Cartoon+Network+CaptainAmerica+%28Entertainment%29+%28US%29+%28English%29&amp;iconimage=https%3A%2F%2Fi.imgur.com%2FiArxSfY.jpg&quot;)</favourite>
    <favourite name="Disney Channel CaptainAmerica (Entertainment) (US) (English)" thumb="https://upload.wikimedia.org/wikipedia/commons/thumb/6/6c/2014_Disney_Channel_logo.svg/1200px-2014_Disney_Channel_logo.svg.png">PlayMedia(&quot;plugin://plugin.video.ccloudtv/?url=http%3A%2F%2Flive.savitar.tv%2FDisney%2FmyStream%2Fplaylist.m3u8%3FwmsAuthSign%3Dc2VydmVyX3RpbWU9NC8yMS8yMDE5IDE6MTE6NDUgQU0maGFzaF92YWx1ZT1WcVloS0tPbFNyUFFLTG1CcUFwdDlnPT0mdmFsaWRtaW51dGVzPTM2MCZpZD0w%27%7CReferer%3Dhttp%253A%252F%252Fustvgo.net%26User-Agent%3DMozilla%252F5.0%2520%28Windows%2520NT%25206.1%253B%2520Win64%253B%2520x64%29%2520AppleWebKit%252F537.36%2520%28KHTML%252C%2520like%2520Gecko%29%2520Chrome%252F59.0.3071.115%2520Safari%252F537.49&amp;mode=1&amp;name=Disney+Channel+CaptainAmerica+%28Entertainment%29+%28US%29+%28English%29&amp;iconimage=https%3A%2F%2Fi.imgur.com%2FiArxSfY.jpg&quot;)</favourite>
    <favourite name="Nickelodeon CaptainAmerica (Entertainment) (US) (English)" thumb="https://i.imgur.com/5CRNE1W.jpg">PlayMedia(&quot;plugin://plugin.video.ccloudtv/?url=http%3A%2F%2Flive.savitar.tv%2FNickelodeon%2FmyStream%2Fplaylist.m3u8%3FwmsAuthSign%3Dc2VydmVyX3RpbWU9NC8yMS8yMDE5IDE6MTI6MDAgQU0maGFzaF92YWx1ZT1IK2Q2UTVnc2VtWGVvZGt5OHJFUURBPT0mdmFsaWRtaW51dGVzPTM2MCZpZD0w%27%7CReferer%3Dhttp%253A%252F%252Fustvgo.net%26User-Agent%3DMozilla%252F5.0%2520%28Windows%2520NT%25206.1%253B%2520Win64%253B%2520x64%29%2520AppleWebKit%252F537.36%2520%28KHTML%252C%2520like%2520Gecko%29%2520Chrome%252F59.0.3071.115%2520Safari%252F537.72&amp;mode=1&amp;name=Nickelodeon+CaptainAmerica+%28Entertainment%29+%28US%29+%28English%29&amp;iconimage=https%3A%2F%2Fi.imgur.com%2FiArxSfY.jpg&quot;)</favourite>
    <favourite name="PBS CaptainAmerica (Entertainment) (US) (English)" thumb="https://pmcvariety.files.wordpress.com/2016/08/pbs-logo.jpg?w=1000&h=563&crop=1">PlayMedia(&quot;plugin://plugin.video.ccloudtv/?url=http%3A%2F%2Flive.savitar.tv%2FPBS%2FmyStream%2Fplaylist.m3u8%3FwmsAuthSign%3Dc2VydmVyX3RpbWU9NC8yMS8yMDE5IDE6MTI6MDAgQU0maGFzaF92YWx1ZT1IK2Q2UTVnc2VtWGVvZGt5OHJFUURBPT0mdmFsaWRtaW51dGVzPTM2MCZpZD0w%27%7CReferer%3Dhttp%253A%252F%252Fustvgo.net%26User-Agent%3DMozilla%252F5.0%2520%28Windows%2520NT%25206.1%253B%2520Win64%253B%2520x64%29%2520AppleWebKit%252F537.36%2520%28KHTML%252C%2520like%2520Gecko%29%2520Chrome%252F59.0.3071.115%2520Safari%252F537.58&amp;mode=1&amp;name=PBS+CaptainAmerica+%28Entertainment%29+%28US%29+%28English%29&amp;iconimage=https%3A%2F%2Fi.imgur.com%2FiArxSfY.jpg&quot;)</favourite>
</favourites>
