<favourites>
	<favourite name="Cooking Channel" thumb="special://home/addons\plugin.video.cook\icon.png">ActivateWindow(10025,&quot;plugin://plugin.video.cook?sf_options=fanart%3Dspecial%3A%2F%2Fhome%2Faddons%5Cplugin.video.cook%5Cfanart.jpg%26desc%3DCooking+Channel%26_options_sf&quot;,return)</favourite>
	<favourite name="DIY Network" thumb="special://home/addons\plugin.video.diy\icon.png">ActivateWindow(10025,&quot;plugin://plugin.video.diy?sf_options=fanart%3Dspecial%3A%2F%2Fhome%2Faddons%5Cplugin.video.diy%5Cfanart.jpg%26desc%3DFrom+remodeling+to+gardening+to+crafts+DIYNetwork.com+provides+resources+and+knowledge+through+step-by-step+photos+and+videos%26_options_sf&quot;,return)</favourite>
	<favourite name="Food Network" thumb="special://home/addons\plugin.video.foodnetwork\icon.png">ActivateWindow(10025,&quot;plugin://plugin.video.foodnetwork/?sf_options=desc%3DPlay+videos+from+the+Food+Network%26_options_sf&quot;,return)</favourite>
	<favourite name="HGTV" thumb="special://home/addons\plugin.video.hgtv\icon.png">ActivateWindow(10025,&quot;plugin://plugin.video.hgtv?sf_options=fanart%3Dspecial%3A%2F%2Fhome%2Faddons%5Cplugin.video.hgtv%5Cfanart.jpg%26desc%3DPlay+videos+from+the+HGTV+Network%26_options_sf&quot;,return)</favourite>
	<favourite name="MeTV" thumb="special://home/addons\plugin.video.metv\icon.png">ActivateWindow(10025,&quot;plugin://plugin.video.metv?sf_options=fanart%3Dspecial%3A%2F%2Fhome%2Faddons%5Cplugin.video.metv%5Cfanart.jpg%26desc%3DChosen+from+a+wide+array+of+genres%2C+the+programs+of+Me-TV+pay+tribute+to+classic+television.+Comedies+like+The+Mary+Tyler+Moore+Show%2C+I+Love+Lucy%2C+The+Honeymooners+and+The+Bob+Newhart+Show.+Dramas+such+as+Perry+Mason%2C+Ironside%2C+The+Streets+of+San+Francisco%2C+The+Rockford+Files+and+Columbo+great+westerns+like+Gunsmoke%2C+Bonanza%2C+The+Rifleman+and+The+Big+Valley+and+otherworldly+classics+like+Star+Trek%2C+Lost+In+Space+and+The+Twilight+Zone%26_options_sf&quot;,return)</favourite>
	<favourite name="NBC Sports Live Extra" thumb="special://home/addons\plugin.video.nbcsnliveextra\icon.png">ActivateWindow(10025,&quot;plugin://plugin.video.nbcsnliveextra?sf_options=fanart%3Dspecial%3A%2F%2Fhome%2Faddons%5Cplugin.video.nbcsnliveextra%5Cfanart.jpg%26desc%3DNBC+Sports+Live+Extra+is+a+service+that+allows+you+to+watch+NBC+Sports+coverage+of+live+events+from+NBC+and+NBCSports+Network%26_options_sf&quot;,return)</favourite>
	<favourite name="PBS Kids" thumb="special://home/addons\plugin.video.pbskids\icon.png">ActivateWindow(10025,&quot;plugin://plugin.video.pbskids?sf_options=fanart%3Dspecial%3A%2F%2Fhome%2Faddons%5Cplugin.video.pbskids%5Cfanart.jpg%26desc%3DPBS+Kids+is+the+most+widely+used+non-profit+informational+resource+in+our+community.%26_options_sf&quot;,return)</favourite>
	<favourite name="PBS ThinkTV" thumb="special://home/addons\plugin.video.thinktv\icon.png">ActivateWindow(10025,&quot;plugin://plugin.video.thinktv?sf_options=fanart%3Dspecial%3A%2F%2Fhome%2Faddons%5Cplugin.video.thinktv%5Cfanart.jpg%26desc%3DPBS+ThinkTV%26_options_sf&quot;,return)</favourite>
	<favourite name="Smithsonian Channel" thumb="special://home/addons\plugin.video.smithsonian\icon.png">ActivateWindow(10025,&quot;plugin://plugin.video.smithsonian?sf_options=fanart%3Dspecial%3A%2F%2Fhome%2Faddons%5Cplugin.video.smithsonian%5Cfanart.jpg%26desc%3DPlay+1080+HD+videos+from+the+Smithsonian+Channel.%26_options_sf&quot;,return)</favourite>
	<favourite name="Fox News" thumb="http://mirrors.kodi.tv/addons/jarvis/plugin.video.fox.news/icon.png">PlayMedia(&quot;addons://all/plugin.video.fox.news?sf_options=winID%3D10001%26desc%3DWatch+videos+from+video.foxnews.com+%26_options_sf&quot;)</favourite>
	<favourite name="Russia Today News" thumb="http://mirrors.kodi.tv/addons/jarvis/plugin.video.rt/icon.png">PlayMedia(&quot;addons://all/plugin.video.rt?sf_options=fanart%3Dhttp%3A%2F%2Fmirrors.kodi.tv%2Faddons%2Fjarvis%2Fplugin.video.rt%2Ffanart.jpg%26winID%3D10001%26desc%3DRussia+Today+News+Kodi+Plugin.+RT+presents+round-the-clock+news+bulletins%2C+documentaries%2C+talk+shows%2C+and+debates%2C+as+well+as+sports+news+and+cultural+programs+on+Russia+aimed+at+the+overseas+news+market.+In+2011+it+was+the+second+most-watched+foreign+news+channel+in+the+U.S.+after+BBC+World+News%2C+and+the+number+one+foreign+station+in+five+major+U.S.+urban+areas+in+2012%26_options_sf&quot;)</favourite>
</favourites>