<favourites>
	<favourite name="Today&apos;s Top Hits" thumb="https://i.scdn.co/image/a2ebec9b23320d0d2026b798a8f64032635f9f70">ActivateWindow(10502,&quot;plugin://plugin.video.spotitube/?limit&amp;mode=listSpotifyTUN_Videos&amp;type=play&amp;url=spotify%3auser%3aspotify%3aplaylist%3a37i9dQZF1DXcBWIGoYBM5M&quot;,return)</favourite>
	<favourite name="United States Top 50" thumb="https://charts-images.scdn.co/REGIONAL_US_DEFAULT.jpg">ActivateWindow(10502,&quot;plugin://plugin.video.spotitube/?limit&amp;mode=listSpotifyTUN_Videos&amp;type=play&amp;url=spotify%3auser%3aspotifycharts%3aplaylist%3a37i9dQZEVXbLRQDuF5jeBp&quot;,return)</favourite>
	<favourite name="Global Top 50" thumb="https://charts-images.scdn.co/REGIONAL_GLOBAL_DEFAULT.jpg">ActivateWindow(10502,&quot;plugin://plugin.video.spotitube/?limit&amp;mode=listSpotifyTUN_Videos&amp;type=play&amp;url=spotify%3auser%3aspotifycharts%3aplaylist%3a37i9dQZEVXbMDoHDwVN2tF&quot;,return)</favourite>
	<favourite name="Global Viral 50" thumb="https://charts-images.scdn.co/VIRAL_GLOBAL_DEFAULT.jpg">ActivateWindow(10502,&quot;plugin://plugin.video.spotitube/?limit&amp;mode=listSpotifyTUN_Videos&amp;type=play&amp;url=spotify%3auser%3aspotifycharts%3aplaylist%3a37i9dQZEVXbLiRSasKsNU9&quot;,return)</favourite>
	<favourite name="United States Viral 50" thumb="https://charts-images.scdn.co/VIRAL_US_DEFAULT.jpg">ActivateWindow(10502,&quot;plugin://plugin.video.spotitube/?limit&amp;mode=listSpotifyTUN_Videos&amp;type=play&amp;url=spotify%3auser%3aspotifycharts%3aplaylist%3a37i9dQZEVXbKuaTI1Z1Afx&quot;,return)</favourite>
	<favourite name="New Music Friday" thumb="https://i.scdn.co/image/b27d3c391511ebc8c7b175a9dce5fdcd0415b78f">ActivateWindow(10502,&quot;plugin://plugin.video.spotitube/?limit&amp;mode=listSpotifyTUN_Videos&amp;type=play&amp;url=spotify%3auser%3aspotify%3aplaylist%3a37i9dQZF1DX4JAvHpjipBk&quot;,return)</favourite>
	<favourite name="Rock This" thumb="https://i.scdn.co/image/ec6687282e479b1f98781f59c803c8e3ed6abf6b">ActivateWindow(10502,&quot;plugin://plugin.video.spotitube/?limit&amp;mode=listSpotifyTUN_Videos&amp;type=play&amp;url=spotify%3auser%3aspotify%3aplaylist%3a37i9dQZF1DXcF6B6QPhFDv&quot;,return)</favourite>
	<favourite name="mint" thumb="https://i.scdn.co/image/3ce14aa1883d0cb9e1ffd4e56f57f2952ded947b">ActivateWindow(10502,&quot;plugin://plugin.video.spotitube/?limit&amp;mode=listSpotifyTUN_Videos&amp;type=play&amp;url=spotify%3auser%3aspotify%3aplaylist%3a37i9dQZF1DX4dyzvuaRJ0n&quot;,return)</favourite>
	<favourite name="RapCaviar" thumb="https://i.scdn.co/image/822664b2956ba7f3a341729d7211ed93be09eac4">ActivateWindow(10502,&quot;plugin://plugin.video.spotitube/?limit&amp;mode=listSpotifyTUN_Videos&amp;type=play&amp;url=spotify%3auser%3aspotify%3aplaylist%3a37i9dQZF1DX0XUsuxWHRQd&quot;,return)</favourite>
   <favourite name="Soft Rock" thumb="https://i.scdn.co/image/0e4e5e8dd9ce24d09a81cc6b496c9b4241d6e1cc">ActivateWindow(10502,&quot;plugin://plugin.video.spotitube/?limit&amp;mode=listSpotifyTUN_Videos&amp;type=play&amp;url=spotify%3auser%3aspotify%3aplaylist%3a37i9dQZF1DX6xOPeSOGone&quot;,return)</favourite>
	<favourite name="Backyard BBQ" thumb="https://i.scdn.co/image/576d1324446405754b55cfbe79e04586d207eafb">ActivateWindow(10502,&quot;plugin://plugin.video.spotitube/?limit&amp;mode=listSpotifyTUN_Videos&amp;type=play&amp;url=spotify%3auser%3aspotify%3aplaylist%3a37i9dQZF1DX030FFx0YCXp&quot;,return)</favourite>
    <favourite name="Party Jams" thumb="https://i.scdn.co/image/8869667c62f198c8ddda17475d4e7eae122f6f2d">ActivateWindow(10502,&quot;plugin://plugin.video.spotitube/?limit&amp;mode=listSpotifyTUN_Videos&amp;type=play&amp;url=spotify%3auser%3adigster.fm%3aplaylist%3a0ZWYUjUMhaq0Rammqq3qu1&quot;,return)</favourite>
    <favourite name="Ultimate Party Classics" thumb="https://i.scdn.co/image/97d68367b309c1b3792bb671ff46d3176a9a1210">ActivateWindow(10502,&quot;plugin://plugin.video.spotitube/?limit&amp;mode=listSpotifyTUN_Videos&amp;type=play&amp;url=spotify%3auser%3aspotify%3aplaylist%3a37i9dQZF1DX0IlCGIUGBsA&quot;,return)</favourite>
    <favourite name="New Music Friday Christian" thumb="https://i.scdn.co/image/dfd6d3728dbf888abdad79bd7eadb0979adf3b41">ActivateWindow(10502,&quot;plugin://plugin.video.spotitube/?limit&amp;mode=listSpotifyTUN_Videos&amp;type=play&amp;url=spotify%3auser%3aspotify%3aplaylist%3a37i9dQZF1DWVtgG63SDdt8&quot;,return)</favourite>
    <favourite name="Top Christian" thumb="https://i.scdn.co/image/dd1f37b5d3597af2b5d87c2ad359cd0d15e8a64f">ActivateWindow(10502,&quot;plugin://plugin.video.spotitube/?limit&amp;mode=listSpotifyTUN_Videos&amp;type=play&amp;url=spotify%3auser%3aspotify%3aplaylist%3a37i9dQZF1DXcb6CQIjdqKy&quot;,return)</favourite>
    <favourite name="Christian Mix" thumb="https://i.scdn.co/image/2d9027796ad62b0dc82284b363f767b9745366e7">ActivateWindow(10502,&quot;plugin://plugin.video.spotitube/?limit&amp;mode=listSpotifyTUN_Videos&amp;type=play&amp;url=spotify%3auser%3aspotify%3aplaylist%3a37i9dQZF1DX5SzTPIoCKiv&quot;,return)</favourite>

	<favourite name="Hot Country" thumb="https://i.scdn.co/image/f16fd1fa34cf39b44c92136c6956f2ac981a21c5">ActivateWindow(10502,&quot;plugin://plugin.video.spotitube/?limit&amp;mode=listSpotifyTUN_Videos&amp;type=play&amp;url=spotify%3auser%3aspotify%3aplaylist%3a37i9dQZF1DX1lVhptIYRda&quot;,return)</favourite>
	<favourite name="Viral Hits" thumb="https://i.scdn.co/image/5c1b7fbda4e8b52b4b1a4bd2b56fe6cd1d19f7ef">ActivateWindow(10502,&quot;plugin://plugin.video.spotitube/?limit&amp;mode=listSpotifyTUN_Videos&amp;type=play&amp;url=spotify%3auser%3aspotify%3aplaylist%3a37i9dQZF1DX44t7uCdkV1A&quot;,return)</favourite>
	<favourite name="I Love My &apos;90s Hip-Hop" thumb="https://i.scdn.co/image/e488f79f331bdd6388449565739ee9d194a99c8d">ActivateWindow(10502,&quot;plugin://plugin.video.spotitube/?limit&amp;mode=listSpotifyTUN_Videos&amp;type=play&amp;url=spotify%3auser%3aspotify%3aplaylist%3a37i9dQZF1DX186v583rmzp&quot;,return)</favourite>
	<favourite name="#ThrowbackThursday" thumb="https://i.scdn.co/image/cc827660688a8ce4697c414e71ee0e31f053dba3">ActivateWindow(10502,&quot;plugin://plugin.video.spotitube/?limit&amp;mode=listSpotifyTUN_Videos&amp;type=play&amp;url=spotify%3auser%3aspotify%3aplaylist%3a37i9dQZF1DWWwaxRea1LWS&quot;,return)</favourite>
	<favourite name="Rock" thumb="https://mosaic.scdn.co/640/113cc64b2b45ff8ecf338e311e3c96a26ffa85ee486bc8537ae640b2cf398d72731838392ee8b5b47001a96d5942ed25ba45f66d2d4b0a9ccee1e3a49a28070901aadbac79dfe8f3af1455dbee5b3ebf">ActivateWindow(10502,&quot;plugin://plugin.video.spotitube/?limit&amp;mode=listSpotifyTUN_Videos&amp;type=play&amp;url=spotify%3auser%3anopandora4me%3aplaylist%3a6LMLjHMv32duj1BeCpOJ5W&quot;,return)</favourite>
	<favourite name="Hip Hop Controller" thumb="https://i.scdn.co/image/5bee352964d87811471d7718efa0486b0c00dddd">ActivateWindow(10502,&quot;plugin://plugin.video.spotitube/?limit&amp;mode=listSpotifyTUN_Videos&amp;type=play&amp;url=spotify%3auser%3aspotify%3aplaylist%3a37i9dQZF1DWT5MrZnPU1zD&quot;,return)</favourite>
	<favourite name="Rock" thumb="https://t.scdn.co/media/derived/rock_9ce79e0a4ef901bbd10494f5b855d3cc_0_0_274_274.jpg">ActivateWindow(10502,&quot;plugin://plugin.video.spotitube/?mode=listSpotifyTUN_Playlists&amp;url=https%3a%2f%2fapi.tunigo.com%2fv3%2fspace%2frock%3fregion%3dus%26page%3d0%26per_page%3d50%26platform%3dweb&quot;,return)</favourite>
	<favourite name="All Out 50s" thumb="https://i.scdn.co/image/ed9002b1c64eb9c390f1c24acff66ca001d7b24a">ActivateWindow(10502,&quot;plugin://plugin.video.spotitube/?limit&amp;mode=listSpotifyTUN_Videos&amp;type=play&amp;url=spotify%3auser%3aspotify%3aplaylist%3a37i9dQZF1DWSV3Tk4GO2fq&quot;,return)</favourite>
	<favourite name="All Out 60s" thumb="https://i.scdn.co/image/7d83fe0cbafd08b5572718f353c71025b84244be">ActivateWindow(10502,&quot;plugin://plugin.video.spotitube/?limit&amp;mode=listSpotifyTUN_Videos&amp;type=play&amp;url=spotify%3auser%3aspotify%3aplaylist%3a37i9dQZF1DXaKIA8E7WcJj&quot;,return)</favourite>
	<favourite name="All Out 70s" thumb="https://i.scdn.co/image/098493a745d43419ade50352477a5d89dea04589">ActivateWindow(10502,&quot;plugin://plugin.video.spotitube/?limit&amp;mode=listSpotifyTUN_Videos&amp;type=play&amp;url=spotify%3auser%3aspotify%3aplaylist%3a37i9dQZF1DWTJ7xPn4vNaz&quot;,return)</favourite>
	<favourite name="All Out 80s" thumb="https://i.scdn.co/image/c9cb1075770de931f6a2bf52af94d239fa93538f">ActivateWindow(10502,&quot;plugin://plugin.video.spotitube/?limit&amp;mode=listSpotifyTUN_Videos&amp;type=play&amp;url=spotify%3auser%3aspotify%3aplaylist%3a37i9dQZF1DX4UtSsGT1Sbe&quot;,return)</favourite>
	<favourite name="All Out 90s" thumb="https://i.scdn.co/image/ff2824a39ebb278143b4ecc7b3618de3b9d77b9d">ActivateWindow(10502,&quot;plugin://plugin.video.spotitube/?limit&amp;mode=listSpotifyTUN_Videos&amp;type=play&amp;url=spotify%3auser%3aspotify%3aplaylist%3a37i9dQZF1DXbTxeAdrVG2l&quot;,return)</favourite>
	<favourite name="All Out 00s" thumb="https://i.scdn.co/image/e6523ddd9efaf4b3d2db767480024fefc5a38963">ActivateWindow(10502,&quot;plugin://plugin.video.spotitube/?limit&amp;mode=listSpotifyTUN_Videos&amp;type=play&amp;url=spotify%3auser%3aspotify%3aplaylist%3a37i9dQZF1DX4o1oenSJRJd&quot;,return)</favourite>
	<favourite name="I Love My &apos;00s R&amp;B" thumb="https://i.scdn.co/image/c75e25bcd27451547ade83f4a58427c857f6344f">ActivateWindow(10502,&quot;plugin://plugin.video.spotitube/?limit&amp;mode=listSpotifyTUN_Videos&amp;type=play&amp;url=spotify%3auser%3aspotify%3aplaylist%3a37i9dQZF1DWYmmr74INQlb&quot;,return)</favourite>
	<favourite name="I Love My &apos;90s R&amp;B" thumb="https://i.scdn.co/image/c23c449687eef77b30369c44e87019b1301b3c6d">ActivateWindow(10502,&quot;plugin://plugin.video.spotitube/?limit&amp;mode=listSpotifyTUN_Videos&amp;type=play&amp;url=spotify%3auser%3aspotify%3aplaylist%3a37i9dQZF1DX6VDO8a6cQME&quot;,return)</favourite>
	<favourite name="&apos;90s Baby Makers" thumb="https://i.scdn.co/image/f1e1237fc2201e0e3ebd851e4542107e8cb04168">ActivateWindow(10502,&quot;plugin://plugin.video.spotitube/?limit&amp;mode=listSpotifyTUN_Videos&amp;type=play&amp;url=spotify%3auser%3aspotify%3aplaylist%3a37i9dQZF1DWVEvzGeX3eRs&quot;,return)</favourite>
	 <favourite name="90s Rock Anthems" thumb="https://i.scdn.co/image/f4e8566804ac9db6646fdcbfd51e29b544018ef0">ActivateWindow(10502,&quot;plugin://plugin.video.spotitube/?limit&amp;mode=listSpotifyTUN_Videos&amp;type=play&amp;url=spotify%3auser%3aspotify%3aplaylist%3a37i9dQZF1DX1rVvRgjX59F&quot;,return)</favourite>
    <favourite name="80s Rock Anthems" thumb="https://i.scdn.co/image/30b910d316d66c3bc80ca3f8a63a6fa7e6dea5f6">ActivateWindow(10502,&quot;plugin://plugin.video.spotitube/?limit&amp;mode=listSpotifyTUN_Videos&amp;type=play&amp;url=spotify%3auser%3aspotify%3aplaylist%3a37i9dQZF1DX1spT6G94GFC&quot;,return)</favourite>
    
	<favourite name="Rock Hard" thumb="https://i.scdn.co/image/b474c4a765689e35b75ab490e5fd1fa0b6cf0eeb">ActivateWindow(10502,&quot;plugin://plugin.video.spotitube/?limit&amp;mode=listSpotifyTUN_Videos&amp;type=play&amp;url=spotify%3auser%3aspotify%3aplaylist%3a37i9dQZF1DWWJOmJ7nRx0C&quot;,return)</favourite>
	<favourite name="90s Rock Anthems" thumb="https://i.scdn.co/image/f4e8566804ac9db6646fdcbfd51e29b544018ef0">ActivateWindow(10502,&quot;plugin://plugin.video.spotitube/?limit&amp;mode=listSpotifyTUN_Videos&amp;type=play&amp;url=spotify%3auser%3aspotify%3aplaylist%3a37i9dQZF1DX1rVvRgjX59F&quot;,return)</favourite>
	   <favourite name="Power Ballads" thumb="https://i.scdn.co/image/7b4486ce742eedeb3aafb68aebd374ddf24b0294">ActivateWindow(10502,&quot;plugin://plugin.video.spotitube/?limit&amp;mode=listSpotifyTUN_Videos&amp;type=play&amp;url=spotify%3auser%3aspotify%3aplaylist%3a37i9dQZF1DX82Zzp6AKx64&quot;,return)</favourite>
    <favourite name="Rock Ballads" thumb="https://i.scdn.co/image/8e7576d93546cb1ac2b5b8fabf080072f8632ce6">ActivateWindow(10502,&quot;plugin://plugin.video.spotitube/?limit&amp;mode=listSpotifyTUN_Videos&amp;type=play&amp;url=spotify%3auser%3aspotify%3aplaylist%3a37i9dQZF1DWXs1L3AC0Xio&quot;,return)</favourite>
    	<favourite name="New Metal Tracks" thumb="https://i.scdn.co/image/438a3876d8c083d7e27dd264770e2e7ad16e65ab">ActivateWindow(10502,&quot;plugin://plugin.video.spotitube/?limit&amp;mode=listSpotifyTUN_Videos&amp;type=play&amp;url=spotify%3auser%3aspotify%3aplaylist%3a37i9dQZF1DX5J7FIl4q56G&quot;,return)</favourite>
	<favourite name="Metal Essentials" thumb="https://i.scdn.co/image/dfdf65ab69e3a5e38b1c08bd53fae4b93db6f613">ActivateWindow(10502,&quot;plugin://plugin.video.spotitube/?limit&amp;mode=listSpotifyTUN_Videos&amp;type=play&amp;url=spotify%3auser%3aspotify%3aplaylist%3a37i9dQZF1DWWOaP4H0w5b0&quot;,return)</favourite>
	
	<favourite name="Rock Party" thumb="https://i.scdn.co/image/956c45784537ebe8136dbc4c362305b383e54e8d">ActivateWindow(10502,&quot;plugin://plugin.video.spotitube/?limit&amp;mode=listSpotifyTUN_Videos&amp;type=play&amp;url=spotify%3auser%3aspotify%3aplaylist%3a37i9dQZF1DX8FwnYE6PRvL&quot;,return)</favourite>
	<favourite name="This is Skillet" thumb="https://thisis-images.scdn.co/37i9dQZF1DZ06evO2qgZOg-default.jpg">ActivateWindow(10502,&quot;plugin://plugin.video.spotitube/?limit&amp;mode=listSpotifyTUN_Videos&amp;type=play&amp;url=spotify%3auser%3aspotify%3aplaylist%3a37i9dQZF1DZ06evO2qgZOg&quot;,return)</favourite>
	<favourite name="Skillet - Complete Collection" thumb="https://mosaic.scdn.co/640/14a80b753c0507e0e887f9d2f0ac1f390e966a2088d2baab1f2e006b808cc5d460be6d2eb191b1e0aa8fcb4fb6ce1c95149d5ab4aef1fd27f0e62573d3fc2112af726467c24e04de437e444fe7741962">ActivateWindow(10502,&quot;plugin://plugin.video.spotitube/?limit&amp;mode=listSpotifyTUN_Videos&amp;type=play&amp;url=spotify%3auser%3aofficialskillet%3aplaylist%3a1zA4HMVYeJSa3miPw55T1H&quot;,return)</favourite>
	<favourite name="This Is Staind" thumb="https://i.scdn.co/image/3ce822bc86f287478785878818f2992ca98e893d">ActivateWindow(10502,&quot;plugin://plugin.video.spotitube/?limit&amp;mode=listSpotifyTUN_Videos&amp;type=play&amp;url=spotify%3auser%3aspotify%3aplaylist%3a37i9dQZF1DWYKwBVc2prD5&quot;,return)</favourite>
	<favourite name="This Is Seether" thumb="https://i.scdn.co/image/feb128c54798e73cafcb36399b29faf719824e34">ActivateWindow(10502,&quot;plugin://plugin.video.spotitube/?limit&amp;mode=listSpotifyTUN_Videos&amp;type=play&amp;url=spotify%3auser%3aspotify%3aplaylist%3a37i9dQZF1DWZ9PVsVmwptX&quot;,return)</favourite>
	<favourite name="Staind &amp; Seether" thumb="https://mosaic.scdn.co/640/113cc64b2b45ff8ecf338e311e3c96a26ffa85ee486bc8537ae640b2cf398d72731838392ee8b5b47001a96d5942ed25ba45f66d2d4b0a9ccee1e3a49a28070901aadbac79dfe8f3af1455dbee5b3ebf">ActivateWindow(10502,&quot;plugin://plugin.video.spotitube/?limit&amp;mode=listSpotifyTUN_Videos&amp;type=play&amp;url=spotify%3auser%3a12148873110%3aplaylist%3a3orR4fStw2rCkZOOZ2mnB8&quot;,return)</favourite>
	
	
																																																																																									
	</favourites>
	
	